{
    "TiltPosition": {
        "mean": 191.71346069842483,
        "std": 48.822076505568475
    },
    "PanPosition": {
        "mean": 191.70541931345977,
        "std": 26.79233849502278
    },
    "TiltCurrent": {
        "mean": 30.350491171483636,
        "std": 458.8925522753796
    },
    "PanCurrent": {
        "mean": -14.741603374563075,
        "std": 51.13701800051753
    },
    "GyroX": {
        "mean": -0.18695366546629513,
        "std": 9.96856126232493
    },
    "GyroY": {
        "mean": 1.1160480443847038,
        "std": 19.47292008061423
    },
    "GyroZ": {
        "mean": -0.09952944100585531,
        "std": 16.348212801049584
    },
    "AccelX": {
        "mean": -0.031185725243943023,
        "std": 0.646355056629797
    },
    "AccelY": {
        "mean": -0.027193158881868865,
        "std": 0.3133525100351811
    },
    "AccelZ": {
        "mean": -0.6105487236112283,
        "std": 0.21260957995921118
    },
    "tilt_distance": {
        "mean": 49.022666039102305,
        "std": 32.98081817361175
    },
    "pan_distance": {
        "mean": 5.078827716441851,
        "std": 13.503030552498519
    }
}